{"model":{"version":3,"nodes":[{"name":"RootNode","position":[0,0,0],"rotation":[0,0,0],"scale":[0.01,0.01,0.01],"scaleCompensation":false},{"name":"bg","position":[0,0,0],"rotation":[-90,90,0],"scale":[734.4,734.4,734.4],"scaleCompensation":false},{"name":"Object001fdf","position":[0,1.60863,0],"rotation":[-90,90,0],"scale":[734.4,734.4,734.4],"scaleCompensation":false}],"parents":[-1,0,0],"skins":[],"morphs":[],"vertices":[{"position":{"type":"float32","components":3,"data":[-0.627329,1.28229,0.688999,-0.627329,-0.0263281,0.688999,-0.627329,-0.0263281,-0.0774899,-0.627329,1.28229,-0.0774899,0.63713,1.28229,0.688999,-0.627329,1.28229,0.688999,-0.627329,1.28229,-0.0774899,0.63713,1.28229,-0.0774899,-0.627329,-1.33495,0.688999,0.63713,-1.33495,0.688999,0.63713,-1.33495,-0.0774899,-0.627329,-1.33495,-0.0774899,-0.627329,-1.33495,-0.0774899,0.63713,-1.33495,-0.0774899,-0.627329,-0.680637,-0.0774899,0.63713,-0.680637,-0.0774899,0.63713,-1.33495,0.688999,-0.627329,-0.680637,0.688999,0.63713,-0.680637,0.688999,-0.627329,-1.33495,0.688999,0.63713,-0.0263277,0.688999,-0.627329,1.28229,0.688999,0.63713,1.28229,0.688999,-0.627329,-0.0263281,0.688999,0.63713,1.28229,-0.0774899,-0.627329,1.28229,-0.0774899,0.63713,-0.0263277,-0.0774899,-0.627329,-0.0263281,-0.0774899,-0.627329,-0.0263281,0.688999,-0.627329,-0.680637,0.688999,-0.627329,-0.680637,-0.0774899,-0.627329,-0.0263281,-0.0774899,-0.627329,-0.680637,0.688999,-0.627329,-1.33495,0.688999,-0.627329,-1.33495,-0.0774899,-0.627329,-0.680637,-0.0774899,0.63713,-1.33495,0.688999,0.63713,-0.680637,0.688999,0.63713,-0.680637,-0.0774899,0.63713,-1.33495,-0.0774899,0.63713,-0.0263277,0.688999,0.63713,1.28229,0.688999,0.63713,1.28229,-0.0774899,0.63713,-0.0263277,-0.0774899,0.63713,-0.680637,0.688999,0.63713,-0.0263277,0.688999,0.63713,-0.0263277,-0.0774899,0.63713,-0.680637,-0.0774899]},"normal":{"type":"float32","components":3,"data":[1,-8.91359e-08,0,1,-8.91359e-08,0,1,-8.91359e-08,0,1,-8.91359e-08,0,2.82831e-07,-1,0,2.82831e-07,-1,0,2.82831e-07,-1,0,2.82831e-07,-1,0,-2.82831e-07,1,0,-2.82831e-07,1,0,-2.82831e-07,1,0,-2.82831e-07,1,0,0,0,1,0,0,1,0,0,1,0,0,1,0,0,-1,0,0,-1,0,0,-1,0,0,-1,0,0,-1,0,0,-1,0,0,-1,0,0,-1,0,0,1,0,0,1,0,0,1,0,0,1,1,0,0,1,0,0,1,0,0,1,0,0,1,-5.94239e-08,0,1,-5.94239e-08,0,1,-5.94239e-08,0,1,-5.94239e-08,0,-1,1.78272e-07,0,-1,1.78272e-07,0,-1,1.78272e-07,0,-1,1.78272e-07,0,-1,2.9712e-08,0,-1,2.9712e-08,0,-1,2.9712e-08,0,-1,2.9712e-08,0,-1,1.18848e-07,0,-1,1.18848e-07,0,-1,1.18848e-07,0,-1,1.18848e-07,0]},"texCoord0":{"type":"float32","components":2,"data":[0.997484,0.502478,0.833318,0.502478,0.833318,0.990405,0.997484,0.990405,0.330831,0.502489,0.00249773,0.502489,0.00249782,0.990415,0.330831,0.990415,0.330835,0.00471985,0.00250173,0.00471985,0.00250176,0.492646,0.330835,0.492646,0.997502,0.492641,0.997502,0.00471482,0.915418,0.492641,0.915418,0.00471485,0.664159,0.990418,0.582075,0.502491,0.582075,0.990418,0.664159,0.502491,0.499992,0.990418,0.335825,0.502491,0.335825,0.990418,0.499992,0.502491,0.669168,0.00471494,0.669168,0.492641,0.833335,0.00471488,0.833335,0.492641,0.833318,0.502478,0.751234,0.502478,0.751234,0.990405,0.833318,0.990405,0.751234,0.502478,0.669151,0.502479,0.669151,0.990405,0.751234,0.990405,0.337002,0.00416519,0.337002,0.100066,0.663008,0.100066,0.663008,0.00416514,0.337002,0.340135,0.337002,0.493181,0.663008,0.493181,0.663008,0.340134,0.337002,0.100066,0.337002,0.340135,0.663008,0.340134,0.663008,0.100066]}},{"position":{"type":"float32","components":3,"data":[-0.627329,-1.33495,-0.0465613,0.63713,-1.33495,-0.0465613,-0.627329,-0.680637,-0.0465613,0.63713,-0.680637,-0.0465613,0.63713,1.28229,-0.0465613,-0.627329,1.28229,-0.0465613,0.63713,-0.0263277,-0.0465613,-0.627329,-0.0263281,-0.0465613,-0.627329,-0.680637,-0.0465613,0.63713,-0.680637,-0.0465613,-0.627329,-0.0263281,-0.0465613,0.63713,-0.0263277,-0.0465613]},"normal":{"type":"float32","components":3,"data":[1.4761e-15,-5.69347e-09,1,1.4761e-15,-5.69347e-09,1,1.4761e-15,-5.69347e-09,1,1.4761e-15,-5.69347e-09,1,0,0,1,0,0,1,0,0,1,0,0,1,-1.409e-15,5.69347e-09,1,-1.409e-15,5.69347e-09,1,-1.409e-15,5.69347e-09,1,-1.409e-15,5.69347e-09,1]},"texCoord0":{"type":"float32","components":2,"data":[0.0028767,0.993898,0.0028767,0.00610277,0.251438,0.993898,0.251438,0.00610262,0.997123,0.00610211,0.997123,0.993897,0.5,0.00610241,0.5,0.993898,0.251438,0.993898,0.251438,0.00610262,0.5,0.993898,0.5,0.00610241]}}],"meshes":[{"aabb":{"min":[-0.627329,-1.33495,-0.0774899],"max":[0.63713,1.28229,0.688999]},"vertices":0,"indices":[0,1,2,0,2,3,4,5,6,4,6,7,8,9,10,8,10,11,12,13,14,15,14,13,16,17,18,17,16,19,20,21,22,21,20,23,24,25,26,25,27,26,28,29,30,28,30,31,32,33,34,32,34,35,18,23,20,23,18,17,14,15,27,26,27,15,36,37,38,36,38,39,40,41,42,40,42,43,44,45,46,44,46,47],"type":"triangles","base":0,"count":84},{"aabb":{"min":[-0.627329,-1.33495,-0.0465613],"max":[0.63713,1.28229,-0.0465613]},"vertices":1,"indices":[0,1,2,3,2,1,4,5,6,5,7,6,8,9,10,11,10,9],"type":"triangles","base":0,"count":18}],"meshInstances":[{"node":1,"mesh":0},{"node":2,"mesh":1}]}}